{"tileSize":16,"mapWidth":49,"mapHeight":29,"layers":[{"name":"Layer_0","tiles":[{"id":"0","x":1,"y":21},{"id":"0","x":2,"y":21},{"id":"0","x":3,"y":21},{"id":"0","x":4,"y":21},{"id":"0","x":5,"y":21},{"id":"0","x":24,"y":23},{"id":"0","x":25,"y":23},{"id":"0","x":26,"y":23},{"id":"0","x":27,"y":23},{"id":"0","x":41,"y":24},{"id":"0","x":42,"y":24},{"id":"0","x":43,"y":24},{"id":"0","x":44,"y":24},{"id":"0","x":6,"y":21},{"id":"0","x":7,"y":21},{"id":"0","x":8,"y":21},{"id":"0","x":9,"y":21},{"id":"0","x":10,"y":21},{"id":"0","x":11,"y":21},{"id":"0","x":12,"y":21},{"id":"0","x":30,"y":22},{"id":"0","x":27,"y":21},{"id":"0","x":28,"y":21},{"id":"0","x":29,"y":21},{"id":"0","x":30,"y":21},{"id":"0","x":31,"y":21},{"id":"0","x":35,"y":21},{"id":"0","x":36,"y":21},{"id":"0","x":37,"y":21},{"id":"0","x":38,"y":21},{"id":"0","x":39,"y":21},{"id":"0","x":40,"y":21},{"id":"0","x":41,"y":21},{"id":"0","x":42,"y":21},{"id":"0","x":43,"y":21},{"id":"0","x":44,"y":21},{"id":"0","x":45,"y":21},{"id":"0","x":46,"y":21},{"id":"0","x":47,"y":21},{"id":"0","x":47,"y":22},{"id":"0","x":48,"y":24},{"id":"0","x":48,"y":25},{"id":"0","x":48,"y":26},{"id":"0","x":48,"y":21},{"id":"0","x":48,"y":22},{"id":"0","x":48,"y":23},{"id":"0","x":0,"y":21},{"id":"0","x":0,"y":27},{"id":"0","x":0,"y":28},{"id":"0","x":1,"y":28},{"id":"0","x":2,"y":28},{"id":"0","x":3,"y":28},{"id":"0","x":4,"y":28},{"id":"0","x":5,"y":28},{"id":"0","x":6,"y":28},{"id":"0","x":7,"y":28},{"id":"0","x":8,"y":28},{"id":"0","x":9,"y":28},{"id":"0","x":10,"y":28},{"id":"0","x":11,"y":28},{"id":"0","x":12,"y":28},{"id":"0","x":13,"y":28},{"id":"0","x":14,"y":28},{"id":"0","x":15,"y":28},{"id":"0","x":16,"y":28},{"id":"0","x":17,"y":28},{"id":"0","x":18,"y":28},{"id":"0","x":19,"y":28},{"id":"0","x":20,"y":28},{"id":"0","x":21,"y":28},{"id":"0","x":22,"y":28},{"id":"0","x":23,"y":28},{"id":"0","x":24,"y":28},{"id":"0","x":25,"y":28},{"id":"0","x":26,"y":28},{"id":"0","x":27,"y":28},{"id":"0","x":28,"y":28},{"id":"0","x":29,"y":28},{"id":"0","x":30,"y":28},{"id":"0","x":31,"y":28},{"id":"0","x":32,"y":28},{"id":"0","x":33,"y":28},{"id":"0","x":34,"y":28},{"id":"0","x":35,"y":28},{"id":"0","x":36,"y":28},{"id":"0","x":37,"y":28},{"id":"0","x":38,"y":28},{"id":"0","x":39,"y":28},{"id":"0","x":40,"y":28},{"id":"0","x":41,"y":28},{"id":"0","x":42,"y":28},{"id":"0","x":43,"y":28},{"id":"0","x":44,"y":28},{"id":"0","x":45,"y":28},{"id":"0","x":47,"y":28},{"id":"0","x":48,"y":28},{"id":"0","x":48,"y":27},{"id":"0","x":6,"y":22},{"id":"0","x":6,"y":26},{"id":"0","x":6,"y":27},{"id":"0","x":0,"y":22},{"id":"0","x":0,"y":23},{"id":"0","x":0,"y":24},{"id":"0","x":0,"y":25},{"id":"0","x":0,"y":26},{"id":"0","x":1,"y":22},{"id":"0","x":1,"y":23},{"id":"0","x":1,"y":24},{"id":"0","x":1,"y":25},{"id":"0","x":1,"y":26},{"id":"0","x":1,"y":27},{"id":"0","x":2,"y":27},{"id":"0","x":2,"y":26},{"id":"0","x":2,"y":25},{"id":"0","x":2,"y":22},{"id":"0","x":2,"y":23},{"id":"0","x":2,"y":24},{"id":"0","x":3,"y":25},{"id":"0","x":3,"y":27},{"id":"0","x":3,"y":26},{"id":"0","x":4,"y":25},{"id":"0","x":4,"y":23},{"id":"0","x":3,"y":23},{"id":"0","x":3,"y":22},{"id":"0","x":4,"y":22},{"id":"0","x":5,"y":22},{"id":"0","x":5,"y":23},{"id":"0","x":5,"y":25},{"id":"0","x":5,"y":26},{"id":"0","x":5,"y":27},{"id":"0","x":4,"y":27},{"id":"0","x":4,"y":26},{"id":"0","x":7,"y":22},{"id":"0","x":8,"y":22},{"id":"0","x":9,"y":22},{"id":"0","x":10,"y":22},{"id":"0","x":15,"y":22},{"id":"0","x":19,"y":22},{"id":"0","x":11,"y":24},{"id":"0","x":15,"y":24},{"id":"0","x":19,"y":24},{"id":"0","x":13,"y":24},{"id":"0","x":9,"y":24},{"id":"0","x":3,"y":24},{"id":"0","x":4,"y":24},{"id":"0","x":5,"y":24},{"id":"0","x":8,"y":24},{"id":"0","x":10,"y":24},{"id":"0","x":12,"y":24},{"id":"0","x":13,"y":25},{"id":"0","x":11,"y":26},{"id":"0","x":9,"y":26},{"id":"0","x":10,"y":26},{"id":"0","x":13,"y":26},{"id":"0","x":19,"y":26},{"id":"0","x":21,"y":26},{"id":"0","x":20,"y":26},{"id":"0","x":22,"y":26},{"id":"0","x":27,"y":26},{"id":"0","x":26,"y":26},{"id":"0","x":28,"y":26},{"id":"0","x":31,"y":25},{"id":"0","x":32,"y":25},{"id":"0","x":34,"y":25},{"id":"0","x":35,"y":25},{"id":"0","x":36,"y":25},{"id":"0","x":38,"y":25},{"id":"0","x":40,"y":25},{"id":"0","x":39,"y":25},{"id":"0","x":37,"y":25},{"id":"0","x":33,"y":25},{"id":"0","x":33,"y":24},{"id":"0","x":35,"y":24},{"id":"0","x":37,"y":24},{"id":"0","x":38,"y":24},{"id":"0","x":36,"y":24},{"id":"0","x":34,"y":24},{"id":"0","x":32,"y":24},{"id":"0","x":31,"y":24},{"id":"0","x":29,"y":23},{"id":"0","x":33,"y":23},{"id":"0","x":30,"y":23},{"id":"0","x":31,"y":23},{"id":"0","x":32,"y":23},{"id":"0","x":37,"y":23},{"id":"0","x":36,"y":23},{"id":"0","x":35,"y":23},{"id":"0","x":34,"y":23},{"id":"0","x":29,"y":22},{"id":"0","x":31,"y":22},{"id":"0","x":32,"y":22},{"id":"0","x":33,"y":22},{"id":"0","x":34,"y":22},{"id":"0","x":35,"y":22},{"id":"0","x":36,"y":22},{"id":"0","x":37,"y":22},{"id":"0","x":38,"y":22},{"id":"0","x":39,"y":22},{"id":"0","x":41,"y":22},{"id":"0","x":39,"y":24},{"id":"0","x":40,"y":24},{"id":"0","x":44,"y":23},{"id":"0","x":38,"y":23},{"id":"0","x":39,"y":23},{"id":"0","x":41,"y":23},{"id":"0","x":43,"y":23},{"id":"0","x":40,"y":22},{"id":"0","x":40,"y":23},{"id":"0","x":42,"y":22},{"id":"0","x":42,"y":23},{"id":"0","x":43,"y":22},{"id":"0","x":44,"y":22},{"id":"0","x":45,"y":22},{"id":"0","x":45,"y":23},{"id":"0","x":45,"y":26},{"id":"0","x":45,"y":24},{"id":"0","x":46,"y":22},{"id":"0","x":46,"y":23},{"id":"0","x":46,"y":24},{"id":"0","x":46,"y":25},{"id":"0","x":46,"y":26},{"id":"0","x":46,"y":28},{"id":"0","x":47,"y":23},{"id":"0","x":47,"y":24},{"id":"0","x":47,"y":25},{"id":"0","x":47,"y":26},{"id":"0","x":47,"y":27},{"id":"0","x":46,"y":27},{"id":"0","x":45,"y":27},{"id":"0","x":44,"y":27},{"id":"0","x":43,"y":27},{"id":"0","x":42,"y":27},{"id":"0","x":41,"y":27},{"id":"0","x":39,"y":27},{"id":"0","x":38,"y":27},{"id":"0","x":37,"y":27},{"id":"0","x":45,"y":25},{"id":"0","x":40,"y":27},{"id":"0","x":41,"y":26},{"id":"0","x":42,"y":26},{"id":"0","x":43,"y":26},{"id":"0","x":44,"y":26},{"id":"0","x":44,"y":25},{"id":"0","x":43,"y":25},{"id":"0","x":42,"y":25},{"id":"0","x":41,"y":25},{"id":"0","x":40,"y":26},{"id":"0","x":39,"y":26},{"id":"0","x":38,"y":26},{"id":"0","x":29,"y":26},{"id":"0","x":30,"y":26},{"id":"0","x":31,"y":26},{"id":"0","x":32,"y":26},{"id":"0","x":33,"y":26},{"id":"0","x":34,"y":26},{"id":"0","x":35,"y":26},{"id":"0","x":36,"y":26},{"id":"0","x":37,"y":26},{"id":"0","x":36,"y":27},{"id":"0","x":35,"y":27},{"id":"0","x":34,"y":27},{"id":"0","x":33,"y":27},{"id":"0","x":32,"y":27},{"id":"0","x":31,"y":27},{"id":"0","x":30,"y":27},{"id":"0","x":29,"y":27},{"id":"0","x":28,"y":27},{"id":"0","x":27,"y":27},{"id":"0","x":26,"y":27},{"id":"0","x":22,"y":27},{"id":"0","x":18,"y":27},{"id":"0","x":16,"y":27},{"id":"0","x":17,"y":27},{"id":"0","x":19,"y":27},{"id":"0","x":20,"y":27},{"id":"0","x":21,"y":27},{"id":"0","x":25,"y":27},{"id":"0","x":24,"y":27},{"id":"0","x":23,"y":27},{"id":"0","x":23,"y":26},{"id":"0","x":25,"y":25},{"id":"0","x":25,"y":26},{"id":"0","x":24,"y":26},{"id":"0","x":24,"y":25},{"id":"0","x":23,"y":25},{"id":"0","x":22,"y":25},{"id":"0","x":21,"y":25},{"id":"0","x":19,"y":25},{"id":"0","x":20,"y":25},{"id":"0","x":20,"y":24},{"id":"0","x":21,"y":24},{"id":"0","x":22,"y":24},{"id":"0","x":23,"y":24},{"id":"0","x":24,"y":24},{"id":"0","x":25,"y":24},{"id":"0","x":27,"y":24},{"id":"0","x":26,"y":24},{"id":"0","x":26,"y":25},{"id":"0","x":27,"y":25},{"id":"0","x":28,"y":25},{"id":"0","x":29,"y":25},{"id":"0","x":30,"y":25},{"id":"0","x":30,"y":24},{"id":"0","x":29,"y":24},{"id":"0","x":28,"y":24},{"id":"0","x":28,"y":23},{"id":"0","x":28,"y":22},{"id":"0","x":27,"y":22},{"id":"0","x":26,"y":22},{"id":"0","x":25,"y":22},{"id":"0","x":24,"y":22},{"id":"0","x":23,"y":22},{"id":"0","x":22,"y":22},{"id":"0","x":21,"y":22},{"id":"0","x":20,"y":22},{"id":"0","x":23,"y":23},{"id":"0","x":22,"y":23},{"id":"0","x":21,"y":23},{"id":"0","x":20,"y":23},{"id":"0","x":19,"y":23},{"id":"0","x":18,"y":24},{"id":"0","x":18,"y":25},{"id":"0","x":18,"y":26},{"id":"0","x":17,"y":26},{"id":"0","x":16,"y":26},{"id":"0","x":17,"y":25},{"id":"0","x":17,"y":24},{"id":"0","x":16,"y":24},{"id":"0","x":16,"y":25},{"id":"0","x":15,"y":25},{"id":"0","x":15,"y":26},{"id":"0","x":14,"y":26},{"id":"0","x":14,"y":25},{"id":"0","x":14,"y":24},{"id":"0","x":14,"y":22},{"id":"0","x":13,"y":22},{"id":"0","x":12,"y":22},{"id":"0","x":11,"y":22},{"id":"0","x":15,"y":23},{"id":"0","x":14,"y":23},{"id":"0","x":13,"y":23},{"id":"0","x":12,"y":23},{"id":"0","x":11,"y":23},{"id":"0","x":10,"y":23},{"id":"0","x":9,"y":23},{"id":"0","x":8,"y":23},{"id":"0","x":7,"y":23},{"id":"0","x":6,"y":23},{"id":"0","x":6,"y":24},{"id":"0","x":6,"y":25},{"id":"0","x":8,"y":26},{"id":"0","x":15,"y":27},{"id":"0","x":14,"y":27},{"id":"0","x":13,"y":27},{"id":"0","x":12,"y":27},{"id":"0","x":11,"y":27},{"id":"0","x":10,"y":27},{"id":"0","x":9,"y":27},{"id":"0","x":8,"y":27},{"id":"0","x":7,"y":27},{"id":"0","x":7,"y":26},{"id":"0","x":7,"y":25},{"id":"0","x":7,"y":24},{"id":"0","x":8,"y":25},{"id":"0","x":9,"y":25},{"id":"0","x":10,"y":25},{"id":"0","x":11,"y":25},{"id":"0","x":12,"y":25},{"id":"0","x":12,"y":26},{"id":"0","x":0,"y":20},{"id":"0","x":0,"y":19},{"id":"0","x":14,"y":19},{"id":"0","x":15,"y":19},{"id":"0","x":16,"y":19},{"id":"0","x":17,"y":19},{"id":"0","x":18,"y":19},{"id":"0","x":19,"y":19},{"id":"0","x":20,"y":19},{"id":"0","x":21,"y":19},{"id":"0","x":22,"y":19},{"id":"0","x":23,"y":19},{"id":"0","x":24,"y":19},{"id":"0","x":25,"y":19},{"id":"0","x":26,"y":19},{"id":"0","x":27,"y":19},{"id":"0","x":28,"y":19},{"id":"0","x":29,"y":19},{"id":"0","x":30,"y":19},{"id":"0","x":31,"y":19},{"id":"0","x":35,"y":19},{"id":"0","x":36,"y":19},{"id":"0","x":37,"y":19},{"id":"0","x":38,"y":19},{"id":"0","x":39,"y":19},{"id":"0","x":40,"y":19},{"id":"0","x":41,"y":19},{"id":"0","x":42,"y":19},{"id":"0","x":43,"y":19},{"id":"0","x":44,"y":19},{"id":"0","x":45,"y":19},{"id":"0","x":46,"y":19},{"id":"0","x":47,"y":19},{"id":"0","x":48,"y":19},{"id":"0","x":48,"y":20},{"id":"0","x":47,"y":20},{"id":"0","x":46,"y":20},{"id":"0","x":45,"y":20},{"id":"0","x":44,"y":20},{"id":"0","x":43,"y":20},{"id":"0","x":42,"y":20},{"id":"0","x":41,"y":20},{"id":"0","x":40,"y":20},{"id":"0","x":39,"y":20},{"id":"0","x":38,"y":20},{"id":"0","x":37,"y":20},{"id":"0","x":36,"y":20},{"id":"0","x":35,"y":20},{"id":"0","x":31,"y":20},{"id":"0","x":30,"y":20},{"id":"0","x":29,"y":20},{"id":"0","x":28,"y":20},{"id":"0","x":26,"y":21},{"id":"0","x":25,"y":21},{"id":"0","x":24,"y":21},{"id":"0","x":23,"y":21},{"id":"0","x":22,"y":21},{"id":"0","x":21,"y":21},{"id":"0","x":20,"y":21},{"id":"0","x":19,"y":21},{"id":"0","x":15,"y":21},{"id":"0","x":14,"y":21},{"id":"0","x":13,"y":21},{"id":"0","x":11,"y":20},{"id":"0","x":10,"y":20},{"id":"0","x":9,"y":20},{"id":"0","x":8,"y":20},{"id":"0","x":7,"y":20},{"id":"0","x":6,"y":20},{"id":"0","x":5,"y":20},{"id":"0","x":4,"y":20},{"id":"0","x":3,"y":20},{"id":"0","x":2,"y":20},{"id":"0","x":1,"y":20},{"id":"0","x":1,"y":19},{"id":"0","x":2,"y":19},{"id":"0","x":3,"y":19},{"id":"0","x":4,"y":19},{"id":"0","x":5,"y":19},{"id":"0","x":6,"y":19},{"id":"0","x":7,"y":19},{"id":"0","x":8,"y":19},{"id":"0","x":9,"y":19},{"id":"0","x":12,"y":20},{"id":"0","x":13,"y":20},{"id":"0","x":14,"y":20},{"id":"0","x":15,"y":20},{"id":"0","x":16,"y":20},{"id":"0","x":17,"y":20},{"id":"0","x":18,"y":20},{"id":"0","x":19,"y":20},{"id":"0","x":20,"y":20},{"id":"0","x":21,"y":20},{"id":"0","x":22,"y":20},{"id":"0","x":23,"y":20},{"id":"0","x":24,"y":20},{"id":"0","x":25,"y":20},{"id":"0","x":26,"y":20},{"id":"0","x":27,"y":20},{"id":"1","x":2,"y":18},{"id":"1","x":3,"y":18},{"id":"1","x":4,"y":18},{"id":"1","x":5,"y":18},{"id":"1","x":6,"y":18},{"id":"1","x":7,"y":18},{"id":"1","x":8,"y":18},{"id":"1","x":9,"y":18},{"id":"1","x":10,"y":18},{"id":"1","x":10,"y":19},{"id":"1","x":11,"y":19},{"id":"1","x":12,"y":19},{"id":"1","x":13,"y":19},{"id":"1","x":14,"y":18},{"id":"1","x":15,"y":18},{"id":"1","x":16,"y":18},{"id":"1","x":17,"y":18},{"id":"1","x":18,"y":18},{"id":"1","x":19,"y":18},{"id":"1","x":20,"y":18},{"id":"1","x":21,"y":18},{"id":"1","x":22,"y":18},{"id":"1","x":23,"y":18},{"id":"1","x":24,"y":18},{"id":"1","x":25,"y":18},{"id":"1","x":26,"y":18},{"id":"1","x":27,"y":18},{"id":"1","x":28,"y":18},{"id":"1","x":29,"y":18},{"id":"1","x":30,"y":18},{"id":"1","x":31,"y":18},{"id":"1","x":32,"y":18},{"id":"1","x":33,"y":18},{"id":"1","x":34,"y":18},{"id":"1","x":35,"y":18},{"id":"1","x":36,"y":18},{"id":"1","x":37,"y":18},{"id":"1","x":38,"y":18},{"id":"1","x":39,"y":18},{"id":"1","x":40,"y":18},{"id":"1","x":41,"y":18},{"id":"1","x":42,"y":18},{"id":"1","x":43,"y":18},{"id":"1","x":44,"y":18},{"id":"1","x":45,"y":18},{"id":"1","x":46,"y":18},{"id":"1","x":47,"y":18},{"id":"1","x":48,"y":18},{"id":"1","x":1,"y":18},{"id":"1","x":0,"y":18},{"id":"12","x":17,"y":9},{"id":"13","x":17,"y":10},{"id":"14","x":17,"y":11},{"id":"9","x":24,"y":7},{"id":"10","x":25,"y":7},{"id":"11","x":26,"y":7},{"id":"9","x":27,"y":7},{"id":"10","x":28,"y":7},{"id":"11","x":29,"y":7},{"id":"9","x":7,"y":13},{"id":"10","x":8,"y":13},{"id":"11","x":9,"y":13},{"id":"9","x":37,"y":3},{"id":"10","x":38,"y":3},{"id":"11","x":39,"y":3},{"id":"9","x":45,"y":0},{"id":"10","x":46,"y":0},{"id":"11","x":47,"y":0},{"id":"15","x":16,"y":21},{"id":"16","x":17,"y":21},{"id":"17","x":18,"y":21},{"id":"5","x":16,"y":22},{"id":"18","x":17,"y":22},{"id":"7","x":18,"y":22},{"id":"4","x":16,"y":23},{"id":"3","x":17,"y":23},{"id":"6","x":18,"y":23},{"id":"15","x":32,"y":19},{"id":"16","x":33,"y":19},{"id":"17","x":34,"y":19},{"id":"5","x":32,"y":20},{"id":"18","x":33,"y":20},{"id":"7","x":34,"y":20},{"id":"4","x":32,"y":21},{"id":"3","x":33,"y":21},{"id":"6","x":34,"y":21}],"collider":false}]}